WEEK;WEEK_LABEL;AGE_GROUP;RESPONDENTS_N;ARI_CASE_PERC
2020-11-02; 2 nov t/m  8 nov '20;<=24;252;12,30
2020-11-02; 2 nov t/m  8 nov '20;25-39;1169;12,06
2020-11-02; 2 nov t/m  8 nov '20;40-49;1125;6,84
2020-11-02; 2 nov t/m  8 nov '20;50-59;1618;6,98
2020-11-02; 2 nov t/m  8 nov '20;60-69;1501;6,26
2020-11-02; 2 nov t/m  8 nov '20;70+;510;5,88
2020-11-02; 2 nov t/m  8 nov '20;Totaal;6175;7,87
2020-11-09; 9 nov t/m 15 nov '20;<=24;407;11,06
2020-11-09; 9 nov t/m 15 nov '20;25-39;1867;10,50
2020-11-09; 9 nov t/m 15 nov '20;40-49;1939;8,97
2020-11-09; 9 nov t/m 15 nov '20;50-59;2752;6,65
2020-11-09; 9 nov t/m 15 nov '20;60-69;2690;6,65
2020-11-09; 9 nov t/m 15 nov '20;70+;961;5,52
2020-11-09; 9 nov t/m 15 nov '20;Totaal;10616;7,82
2020-11-16;16 nov t/m 22 nov '20;<=24;491;13,03
2020-11-16;16 nov t/m 22 nov '20;25-39;2101;10,76
2020-11-16;16 nov t/m 22 nov '20;40-49;2215;8,62
2020-11-16;16 nov t/m 22 nov '20;50-59;3146;6,45
2020-11-16;16 nov t/m 22 nov '20;60-69;3135;6,12
2020-11-16;16 nov t/m 22 nov '20;70+;1103;4,17
2020-11-16;16 nov t/m 22 nov '20;Totaal;12191;7,56
2020-11-23;23 nov t/m 29 nov '20;<=24;462;13,42
2020-11-23;23 nov t/m 29 nov '20;25-39;2007;12,11
2020-11-23;23 nov t/m 29 nov '20;40-49;2194;9,16
2020-11-23;23 nov t/m 29 nov '20;50-59;3101;7,00
2020-11-23;23 nov t/m 29 nov '20;60-69;3103;6,06
2020-11-23;23 nov t/m 29 nov '20;70+;1125;5,69
2020-11-23;23 nov t/m 29 nov '20;Totaal;11992;8,13
2020-11-30;30 nov t/m  6 dec '20;<=24;430;12,09
2020-11-30;30 nov t/m  6 dec '20;25-39;2010;11,24
2020-11-30;30 nov t/m  6 dec '20;40-49;2179;9,73
2020-11-30;30 nov t/m  6 dec '20;50-59;3143;7,32
2020-11-30;30 nov t/m  6 dec '20;60-69;3230;6,90
2020-11-30;30 nov t/m  6 dec '20;70+;1169;5,05
2020-11-30;30 nov t/m  6 dec '20;Totaal;12161;8,24
2020-12-07; 7 dec t/m 13 dec '20;<=24;463;12,96
2020-12-07; 7 dec t/m 13 dec '20;25-39;2022;13,35
2020-12-07; 7 dec t/m 13 dec '20;40-49;2233;10,66
2020-12-07; 7 dec t/m 13 dec '20;50-59;3186;8,10
2020-12-07; 7 dec t/m 13 dec '20;60-69;3201;7,25
2020-12-07; 7 dec t/m 13 dec '20;70+;1174;6,47
2020-12-07; 7 dec t/m 13 dec '20;Totaal;12279;9,24
2020-12-14;14 dec t/m 20 dec '20;<=24;418;12,44
2020-12-14;14 dec t/m 20 dec '20;25-39;1920;12,19
2020-12-14;14 dec t/m 20 dec '20;40-49;2094;9,22
2020-12-14;14 dec t/m 20 dec '20;50-59;3064;7,31
2020-12-14;14 dec t/m 20 dec '20;60-69;3137;5,90
2020-12-14;14 dec t/m 20 dec '20;70+;1136;5,99
2020-12-14;14 dec t/m 20 dec '20;Totaal;11769;8,12
2020-12-21;21 dec t/m 27 dec '20;<=24;423;10,87
2020-12-21;21 dec t/m 27 dec '20;25-39;1906;11,59
2020-12-21;21 dec t/m 27 dec '20;40-49;2165;8,68
2020-12-21;21 dec t/m 27 dec '20;50-59;3120;7,50
2020-12-21;21 dec t/m 27 dec '20;60-69;3207;4,93
2020-12-21;21 dec t/m 27 dec '20;70+;1193;4,02
2020-12-21;21 dec t/m 27 dec '20;Totaal;12014;7,45
2020-12-28;28 dec t/m  3 jan '20;<=24;435;7,59
2020-12-28;28 dec t/m  3 jan '20;25-39;1930;11,04
2020-12-28;28 dec t/m  3 jan '20;40-49;2184;7,55
2020-12-28;28 dec t/m  3 jan '20;50-59;3162;6,55
2020-12-28;28 dec t/m  3 jan '20;60-69;3252;5,14
2020-12-28;28 dec t/m  3 jan '20;70+;1187;4,30
2020-12-28;28 dec t/m  3 jan '20;Totaal;12150;6,88
2021-01-04; 4 jan t/m 10 jan '21;<=24;442;8,82
2021-01-04; 4 jan t/m 10 jan '21;25-39;1960;8,98
2021-01-04; 4 jan t/m 10 jan '21;40-49;2229;6,28
2021-01-04; 4 jan t/m 10 jan '21;50-59;3259;5,46
2021-01-04; 4 jan t/m 10 jan '21;60-69;3347;5,14
2021-01-04; 4 jan t/m 10 jan '21;70+;1264;5,38
2021-01-04; 4 jan t/m 10 jan '21;Totaal;12501;6,18
2021-01-11;11 jan t/m 17 jan '21;<=24;458;7,64
2021-01-11;11 jan t/m 17 jan '21;25-39;2002;6,39
2021-01-11;11 jan t/m 17 jan '21;40-49;2300;6,22
2021-01-11;11 jan t/m 17 jan '21;50-59;3337;5,27
2021-01-11;11 jan t/m 17 jan '21;60-69;3396;4,21
2021-01-11;11 jan t/m 17 jan '21;70+;1299;3,54
2021-01-11;11 jan t/m 17 jan '21;Totaal;12792;5,25
2021-01-18;18 jan t/m 24 jan '21;<=24;460;5,87
2021-01-18;18 jan t/m 24 jan '21;25-39;1976;6,68
2021-01-18;18 jan t/m 24 jan '21;40-49;2278;4,74
2021-01-18;18 jan t/m 24 jan '21;50-59;3376;4,21
2021-01-18;18 jan t/m 24 jan '21;60-69;3500;3,66
2021-01-18;18 jan t/m 24 jan '21;70+;1363;2,42
2021-01-18;18 jan t/m 24 jan '21;Totaal;12953;4,40
2021-01-25;25 jan t/m 31 jan '21;<=24;464;4,31
2021-01-25;25 jan t/m 31 jan '21;25-39;1999;6,10
2021-01-25;25 jan t/m 31 jan '21;40-49;2260;3,81
2021-01-25;25 jan t/m 31 jan '21;50-59;3426;3,94
2021-01-25;25 jan t/m 31 jan '21;60-69;3555;3,04
2021-01-25;25 jan t/m 31 jan '21;70+;1380;1,81
2021-01-25;25 jan t/m 31 jan '21;Totaal;13084;3,79
2021-02-01; 1 feb t/m  7 feb '21;<=24;453;7,51
2021-02-01; 1 feb t/m  7 feb '21;25-39;1974;5,78
2021-02-01; 1 feb t/m  7 feb '21;40-49;2241;4,06
2021-02-01; 1 feb t/m  7 feb '21;50-59;3367;3,74
2021-02-01; 1 feb t/m  7 feb '21;60-69;3561;2,95
2021-02-01; 1 feb t/m  7 feb '21;70+;1416;3,81
2021-02-01; 1 feb t/m  7 feb '21;Totaal;13012;4,03
2021-02-08; 8 feb t/m 14 feb '21;<=24;451;5,99
2021-02-08; 8 feb t/m 14 feb '21;25-39;1914;6,48
2021-02-08; 8 feb t/m 14 feb '21;40-49;2196;4,74
2021-02-08; 8 feb t/m 14 feb '21;50-59;3318;3,80
2021-02-08; 8 feb t/m 14 feb '21;60-69;3533;2,94
2021-02-08; 8 feb t/m 14 feb '21;70+;1391;2,95
2021-02-08; 8 feb t/m 14 feb '21;Totaal;12803;4,11
2021-02-15;15 feb t/m 21 feb '21;<=24;437;8,24
2021-02-15;15 feb t/m 21 feb '21;25-39;1971;8,37
2021-02-15;15 feb t/m 21 feb '21;40-49;2186;5,67
2021-02-15;15 feb t/m 21 feb '21;50-59;3357;4,97
2021-02-15;15 feb t/m 21 feb '21;60-69;3551;3,89
2021-02-15;15 feb t/m 21 feb '21;70+;1419;2,54
2021-02-15;15 feb t/m 21 feb '21;Totaal;12921;5,15
2021-02-22;22 feb t/m 28 feb '21;<=24;436;10,55
2021-02-22;22 feb t/m 28 feb '21;25-39;1957;10,32
2021-02-22;22 feb t/m 28 feb '21;40-49;2215;7,31
2021-02-22;22 feb t/m 28 feb '21;50-59;3375;4,83
2021-02-22;22 feb t/m 28 feb '21;60-69;3600;4,47
2021-02-22;22 feb t/m 28 feb '21;70+;1433;3,35
2021-02-22;22 feb t/m 28 feb '21;Totaal;13016;6,01
2021-03-01; 1 mrt t/m  7 mrt '21;<=24;419;8,59
2021-03-01; 1 mrt t/m  7 mrt '21;25-39;1868;9,58
2021-03-01; 1 mrt t/m  7 mrt '21;40-49;2121;6,79
2021-03-01; 1 mrt t/m  7 mrt '21;50-59;3210;4,24
2021-03-01; 1 mrt t/m  7 mrt '21;60-69;3441;4,30
2021-03-01; 1 mrt t/m  7 mrt '21;70+;1395;3,87
2021-03-01; 1 mrt t/m  7 mrt '21;Totaal;12454;5,60
2021-03-08; 8 mrt t/m 14 mrt '21;<=24;427;8,67
2021-03-08; 8 mrt t/m 14 mrt '21;25-39;1912;10,25
2021-03-08; 8 mrt t/m 14 mrt '21;40-49;2196;7,88
2021-03-08; 8 mrt t/m 14 mrt '21;50-59;3279;4,51
2021-03-08; 8 mrt t/m 14 mrt '21;60-69;3544;4,54
2021-03-08; 8 mrt t/m 14 mrt '21;70+;1436;2,58
2021-03-08; 8 mrt t/m 14 mrt '21;Totaal;12794;5,88
2021-03-15;15 mrt t/m 21 mrt '21;<=24;408;10,54
2021-03-15;15 mrt t/m 21 mrt '21;25-39;1877;10,28
2021-03-15;15 mrt t/m 21 mrt '21;40-49;2148;7,64
2021-03-15;15 mrt t/m 21 mrt '21;50-59;3278;5,09
2021-03-15;15 mrt t/m 21 mrt '21;60-69;3509;4,36
2021-03-15;15 mrt t/m 21 mrt '21;70+;1431;2,80
2021-03-15;15 mrt t/m 21 mrt '21;Totaal;12651;6,01
2021-03-22;22 mrt t/m 28 mrt '21;<=24;408;7,60
2021-03-22;22 mrt t/m 28 mrt '21;25-39;1832;10,26
2021-03-22;22 mrt t/m 28 mrt '21;40-49;2093;7,12
2021-03-22;22 mrt t/m 28 mrt '21;50-59;3158;4,97
2021-03-22;22 mrt t/m 28 mrt '21;60-69;3474;4,23
2021-03-22;22 mrt t/m 28 mrt '21;70+;1396;3,22
2021-03-22;22 mrt t/m 28 mrt '21;Totaal;12361;5,80
2021-03-29;29 mrt t/m  4 apr '21;<=24;392;11,48
2021-03-29;29 mrt t/m  4 apr '21;25-39;1748;10,24
2021-03-29;29 mrt t/m  4 apr '21;40-49;2053;7,40
2021-03-29;29 mrt t/m  4 apr '21;50-59;3128;5,47
2021-03-29;29 mrt t/m  4 apr '21;60-69;3450;4,49
2021-03-29;29 mrt t/m  4 apr '21;70+;1414;2,90
2021-03-29;29 mrt t/m  4 apr '21;Totaal;12185;6,10
2021-04-05; 5 apr t/m 11 apr '21;<=24;414;9,66
2021-04-05; 5 apr t/m 11 apr '21;25-39;1774;9,13
2021-04-05; 5 apr t/m 11 apr '21;40-49;2091;7,22
2021-04-05; 5 apr t/m 11 apr '21;50-59;3187;4,52
2021-04-05; 5 apr t/m 11 apr '21;60-69;3519;4,18
2021-04-05; 5 apr t/m 11 apr '21;70+;1453;3,03
2021-04-05; 5 apr t/m 11 apr '21;Totaal;12438;5,53
2021-04-12;12 apr t/m 18 apr '21;<=24;372;8,87
2021-04-12;12 apr t/m 18 apr '21;25-39;1683;9,33
2021-04-12;12 apr t/m 18 apr '21;40-49;1993;6,87
2021-04-12;12 apr t/m 18 apr '21;50-59;3051;4,06
2021-04-12;12 apr t/m 18 apr '21;60-69;3396;4,06
2021-04-12;12 apr t/m 18 apr '21;70+;1392;2,30
2021-04-12;12 apr t/m 18 apr '21;Totaal;11887;5,22
2021-04-19;19 apr t/m 25 apr '21;<=24;374;9,36
2021-04-19;19 apr t/m 25 apr '21;25-39;1635;9,97
2021-04-19;19 apr t/m 25 apr '21;40-49;1967;6,05
2021-04-19;19 apr t/m 25 apr '21;50-59;3066;4,11
2021-04-19;19 apr t/m 25 apr '21;60-69;3417;4,36
2021-04-19;19 apr t/m 25 apr '21;70+;1398;2,07
2021-04-19;19 apr t/m 25 apr '21;Totaal;11857;5,24
2021-04-26;26 apr t/m  2 mei '21;<=24;357;7,84
2021-04-26;26 apr t/m  2 mei '21;25-39;1613;9,42
2021-04-26;26 apr t/m  2 mei '21;40-49;1888;6,09
2021-04-26;26 apr t/m  2 mei '21;50-59;3060;4,41
2021-04-26;26 apr t/m  2 mei '21;60-69;3412;3,11
2021-04-26;26 apr t/m  2 mei '21;70+;1400;4,07
2021-04-26;26 apr t/m  2 mei '21;Totaal;11730;5,06
2021-05-03; 3 mei t/m  9 mei '21;<=24;351;9,40
2021-05-03; 3 mei t/m  9 mei '21;25-39;1624;7,88
2021-05-03; 3 mei t/m  9 mei '21;40-49;1942;6,13
2021-05-03; 3 mei t/m  9 mei '21;50-59;3051;4,46
2021-05-03; 3 mei t/m  9 mei '21;60-69;3397;3,62
2021-05-03; 3 mei t/m  9 mei '21;70+;1414;2,62
2021-05-03; 3 mei t/m  9 mei '21;Totaal;11779;4,89
2021-05-10;10 mei t/m 16 mei '21;<=24;369;8,13
2021-05-10;10 mei t/m 16 mei '21;25-39;1595;6,46
2021-05-10;10 mei t/m 16 mei '21;40-49;1935;4,34
2021-05-10;10 mei t/m 16 mei '21;50-59;3130;3,32
2021-05-10;10 mei t/m 16 mei '21;60-69;3408;3,11
2021-05-10;10 mei t/m 16 mei '21;70+;1427;1,33
2021-05-10;10 mei t/m 16 mei '21;Totaal;11864;3,76
2021-05-17;17 mei t/m 23 mei '21;<=24;354;6,78
2021-05-17;17 mei t/m 23 mei '21;25-39;1578;6,34
2021-05-17;17 mei t/m 23 mei '21;40-49;1935;4,29
2021-05-17;17 mei t/m 23 mei '21;50-59;3073;2,73
2021-05-17;17 mei t/m 23 mei '21;60-69;3343;2,27
2021-05-17;17 mei t/m 23 mei '21;70+;1409;1,49
2021-05-17;17 mei t/m 23 mei '21;Totaal;11692;3,32
2021-05-24;24 mei t/m 30 mei '21;<=24;351;8,83
2021-05-24;24 mei t/m 30 mei '21;25-39;1583;6,13
2021-05-24;24 mei t/m 30 mei '21;40-49;1971;5,28
2021-05-24;24 mei t/m 30 mei '21;50-59;3088;2,56
2021-05-24;24 mei t/m 30 mei '21;60-69;3338;1,80
2021-05-24;24 mei t/m 30 mei '21;70+;1394;1,29
2021-05-24;24 mei t/m 30 mei '21;Totaal;11725;3,32
2021-05-31;31 mei t/m  6 jun '21;<=24;343;6,12
2021-05-31;31 mei t/m  6 jun '21;25-39;1539;6,63
2021-05-31;31 mei t/m  6 jun '21;40-49;1936;4,91
2021-05-31;31 mei t/m  6 jun '21;50-59;3066;2,61
2021-05-31;31 mei t/m  6 jun '21;60-69;3328;2,52
2021-05-31;31 mei t/m  6 jun '21;70+;1385;1,44
2021-05-31;31 mei t/m  6 jun '21;Totaal;11597;3,47
2021-06-07; 7 jun t/m 13 jun '21;<=24;325;9,23
2021-06-07; 7 jun t/m 13 jun '21;25-39;1509;7,69
2021-06-07; 7 jun t/m 13 jun '21;40-49;1943;3,86
2021-06-07; 7 jun t/m 13 jun '21;50-59;3032;2,54
2021-06-07; 7 jun t/m 13 jun '21;60-69;3284;2,41
2021-06-07; 7 jun t/m 13 jun '21;70+;1372;1,60
2021-06-07; 7 jun t/m 13 jun '21;Totaal;11465;3,48
2021-06-14;14 jun t/m 20 jun '21;<=24;318;4,40
2021-06-14;14 jun t/m 20 jun '21;25-39;1489;6,18
2021-06-14;14 jun t/m 20 jun '21;40-49;1913;4,29
2021-06-14;14 jun t/m 20 jun '21;50-59;2949;2,14
2021-06-14;14 jun t/m 20 jun '21;60-69;3233;1,70
2021-06-14;14 jun t/m 20 jun '21;70+;1336;1,35
2021-06-14;14 jun t/m 20 jun '21;Totaal;11238;2,88
2021-06-21;21 jun t/m 27 jun '21;<=24;306;8,17
2021-06-21;21 jun t/m 27 jun '21;25-39;1496;5,75
2021-06-21;21 jun t/m 27 jun '21;40-49;1857;3,61
2021-06-21;21 jun t/m 27 jun '21;50-59;2938;2,59
2021-06-21;21 jun t/m 27 jun '21;60-69;3198;2,28
2021-06-21;21 jun t/m 27 jun '21;70+;1325;1,58
2021-06-21;21 jun t/m 27 jun '21;Totaal;11120;3,13
2021-06-28;28 jun t/m  4 jul '21;<=24;313;9,27
2021-06-28;28 jun t/m  4 jul '21;25-39;1466;6,75
2021-06-28;28 jun t/m  4 jul '21;40-49;1835;5,18
2021-06-28;28 jun t/m  4 jul '21;50-59;2913;2,92
2021-06-28;28 jun t/m  4 jul '21;60-69;3172;2,55
2021-06-28;28 jun t/m  4 jul '21;70+;1349;1,93
2021-06-28;28 jun t/m  4 jul '21;Totaal;11048;3,76
2021-07-05; 5 jul t/m 11 jul '21;<=24;302;12,25
2021-07-05; 5 jul t/m 11 jul '21;25-39;1413;8,28
2021-07-05; 5 jul t/m 11 jul '21;40-49;1788;5,82
2021-07-05; 5 jul t/m 11 jul '21;50-59;2911;4,60
2021-07-05; 5 jul t/m 11 jul '21;60-69;3171;2,84
2021-07-05; 5 jul t/m 11 jul '21;70+;1344;1,71
2021-07-05; 5 jul t/m 11 jul '21;Totaal;10929;4,62
2021-07-12;12 jul t/m 18 jul '21;<=24;303;11,55
2021-07-12;12 jul t/m 18 jul '21;25-39;1366;8,71
2021-07-12;12 jul t/m 18 jul '21;40-49;1766;6,57
2021-07-12;12 jul t/m 18 jul '21;50-59;2832;4,48
2021-07-12;12 jul t/m 18 jul '21;60-69;3093;3,46
2021-07-12;12 jul t/m 18 jul '21;70+;1306;1,61
2021-07-12;12 jul t/m 18 jul '21;Totaal;10666;4,92
2021-07-19;19 jul t/m 25 jul '21;<=24;241;7,47
2021-07-19;19 jul t/m 25 jul '21;25-39;1330;7,82
2021-07-19;19 jul t/m 25 jul '21;40-49;1681;5,18
2021-07-19;19 jul t/m 25 jul '21;50-59;2762;3,91
2021-07-19;19 jul t/m 25 jul '21;60-69;2983;3,29
2021-07-19;19 jul t/m 25 jul '21;70+;1288;2,64
2021-07-19;19 jul t/m 25 jul '21;Totaal;10285;4,37
2021-07-26;26 jul t/m  1 aug '21;<=24;254;5,12
2021-07-26;26 jul t/m  1 aug '21;25-39;1351;6,29
2021-07-26;26 jul t/m  1 aug '21;40-49;1687;5,33
2021-07-26;26 jul t/m  1 aug '21;50-59;2810;3,52
2021-07-26;26 jul t/m  1 aug '21;60-69;3107;3,57
2021-07-26;26 jul t/m  1 aug '21;70+;1327;2,34
2021-07-26;26 jul t/m  1 aug '21;Totaal;10536;4,07
2021-08-02; 2 aug t/m  8 aug '21;<=24;263;6,46
2021-08-02; 2 aug t/m  8 aug '21;25-39;1332;7,21
2021-08-02; 2 aug t/m  8 aug '21;40-49;1633;4,53
2021-08-02; 2 aug t/m  8 aug '21;50-59;2735;3,36
2021-08-02; 2 aug t/m  8 aug '21;60-69;3092;2,88
2021-08-02; 2 aug t/m  8 aug '21;70+;1357;2,43
2021-08-02; 2 aug t/m  8 aug '21;Totaal;10412;3,85
2021-08-09; 9 aug t/m 15 aug '21;<=24;253;6,32
2021-08-09; 9 aug t/m 15 aug '21;25-39;1277;5,95
2021-08-09; 9 aug t/m 15 aug '21;40-49;1600;3,44
2021-08-09; 9 aug t/m 15 aug '21;50-59;2700;3,07
2021-08-09; 9 aug t/m 15 aug '21;60-69;3069;2,77
2021-08-09; 9 aug t/m 15 aug '21;70+;1352;3,18
2021-08-09; 9 aug t/m 15 aug '21;Totaal;10251;3,49
2021-08-16;16 aug t/m 22 aug '21;<=24;253;7,11
2021-08-16;16 aug t/m 22 aug '21;25-39;1238;5,49
2021-08-16;16 aug t/m 22 aug '21;40-49;1594;3,89
2021-08-16;16 aug t/m 22 aug '21;50-59;2667;3,30
2021-08-16;16 aug t/m 22 aug '21;60-69;3026;2,41
2021-08-16;16 aug t/m 22 aug '21;70+;1339;2,61
2021-08-16;16 aug t/m 22 aug '21;Totaal;10117;3,40
2021-08-23;23 aug t/m 29 aug '21;<=24;249;6,02
2021-08-23;23 aug t/m 29 aug '21;25-39;1201;5,50
2021-08-23;23 aug t/m 29 aug '21;40-49;1583;4,11
2021-08-23;23 aug t/m 29 aug '21;50-59;2654;2,75
2021-08-23;23 aug t/m 29 aug '21;60-69;2965;2,23
2021-08-23;23 aug t/m 29 aug '21;70+;1301;2,61
2021-08-23;23 aug t/m 29 aug '21;Totaal;9953;3,21
2021-08-30;30 aug t/m  5 sep '21;<=24;249;8,84
2021-08-30;30 aug t/m  5 sep '21;25-39;1201;6,66
2021-08-30;30 aug t/m  5 sep '21;40-49;1580;5,06
2021-08-30;30 aug t/m  5 sep '21;50-59;2644;3,14
2021-08-30;30 aug t/m  5 sep '21;60-69;2986;3,01
2021-08-30;30 aug t/m  5 sep '21;70+;1336;2,69
2021-08-30;30 aug t/m  5 sep '21;Totaal;9996;3,91
2021-09-06; 6 sep t/m 12 sep '21;<=24;243;8,64
2021-09-06; 6 sep t/m 12 sep '21;25-39;1153;6,33
2021-09-06; 6 sep t/m 12 sep '21;40-49;1568;6,19
2021-09-06; 6 sep t/m 12 sep '21;50-59;2617;3,67
2021-09-06; 6 sep t/m 12 sep '21;60-69;2945;3,16
2021-09-06; 6 sep t/m 12 sep '21;70+;1334;1,95
2021-09-06; 6 sep t/m 12 sep '21;Totaal;9860;4,12
2021-09-13;13 sep t/m 19 sep '21;<=24;234;11,54
2021-09-13;13 sep t/m 19 sep '21;25-39;1163;8,25
2021-09-13;13 sep t/m 19 sep '21;40-49;1540;6,43
2021-09-13;13 sep t/m 19 sep '21;50-59;2614;4,28
2021-09-13;13 sep t/m 19 sep '21;60-69;2955;3,15
2021-09-13;13 sep t/m 19 sep '21;70+;1323;2,04
2021-09-13;13 sep t/m 19 sep '21;Totaal;9829;4,62
2021-09-20;20 sep t/m 26 sep '21;<=24;232;12,93
2021-09-20;20 sep t/m 26 sep '21;25-39;1108;7,67
2021-09-20;20 sep t/m 26 sep '21;40-49;1549;7,55
2021-09-20;20 sep t/m 26 sep '21;50-59;2549;4,28
2021-09-20;20 sep t/m 26 sep '21;60-69;2935;3,48
2021-09-20;20 sep t/m 26 sep '21;70+;1321;2,04
2021-09-20;20 sep t/m 26 sep '21;Totaal;9694;4,85
2021-09-27;27 sep t/m  3 okt '21;<=24;220;12,73
2021-09-27;27 sep t/m  3 okt '21;25-39;1081;8,70
2021-09-27;27 sep t/m  3 okt '21;40-49;1526;10,16
2021-09-27;27 sep t/m  3 okt '21;50-59;2582;5,77
2021-09-27;27 sep t/m  3 okt '21;60-69;2964;4,66
2021-09-27;27 sep t/m  3 okt '21;70+;1327;3,54
2021-09-27;27 sep t/m  3 okt '21;Totaal;9700;6,30
2021-10-04; 4 okt t/m 10 okt '21;<=24;195;10,26
2021-10-04; 4 okt t/m 10 okt '21;25-39;1059;10,86
2021-10-04; 4 okt t/m 10 okt '21;40-49;1476;8,40
2021-10-04; 4 okt t/m 10 okt '21;50-59;2529;6,60
2021-10-04; 4 okt t/m 10 okt '21;60-69;2914;5,39
2021-10-04; 4 okt t/m 10 okt '21;70+;1343;4,10
2021-10-04; 4 okt t/m 10 okt '21;Totaal;9516;6,70
2021-10-11;11 okt t/m 17 okt '21;<=24;65;13,85
2021-10-11;11 okt t/m 17 okt '21;25-39;307;12,38
2021-10-11;11 okt t/m 17 okt '21;40-49;416;10,10
2021-10-11;11 okt t/m 17 okt '21;50-59;749;6,28
2021-10-11;11 okt t/m 17 okt '21;60-69;838;5,49
2021-10-11;11 okt t/m 17 okt '21;70+;373;2,95
2021-10-11;11 okt t/m 17 okt '21;Totaal;2748;7,02
2021-10-18;18 okt t/m 24 okt '21;<=24;178;13,48
2021-10-18;18 okt t/m 24 okt '21;25-39;817;12,24
2021-10-18;18 okt t/m 24 okt '21;40-49;1141;10,52
2021-10-18;18 okt t/m 24 okt '21;50-59;2044;10,27
2021-10-18;18 okt t/m 24 okt '21;60-69;2303;7,73
2021-10-18;18 okt t/m 24 okt '21;70+;1067;5,62
2021-10-18;18 okt t/m 24 okt '21;Totaal;7550;9,17
2021-10-25;25 okt t/m 31 okt '21;<=24;220;12,73
2021-10-25;25 okt t/m 31 okt '21;25-39;1074;12,10
2021-10-25;25 okt t/m 31 okt '21;40-49;1508;10,21
2021-10-25;25 okt t/m 31 okt '21;50-59;2619;8,97
2021-10-25;25 okt t/m 31 okt '21;60-69;2999;6,47
2021-10-25;25 okt t/m 31 okt '21;70+;1392;6,11
2021-10-25;25 okt t/m 31 okt '21;Totaal;9812;8,42
2021-11-01; 1 nov t/m  7 nov '21;<=24;212;17,92
2021-11-01; 1 nov t/m  7 nov '21;25-39;1054;13,76
2021-11-01; 1 nov t/m  7 nov '21;40-49;1493;11,05
2021-11-01; 1 nov t/m  7 nov '21;50-59;2629;8,33
2021-11-01; 1 nov t/m  7 nov '21;60-69;2945;7,23
2021-11-01; 1 nov t/m  7 nov '21;70+;1349;4,67
2021-11-01; 1 nov t/m  7 nov '21;Totaal;9682;8,71
2021-11-08; 8 nov t/m 14 nov '21;<=24;205;13,66
2021-11-08; 8 nov t/m 14 nov '21;25-39;1093;13,54
2021-11-08; 8 nov t/m 14 nov '21;40-49;1552;11,15
2021-11-08; 8 nov t/m 14 nov '21;50-59;2656;9,64
2021-11-08; 8 nov t/m 14 nov '21;60-69;3013;7,60
2021-11-08; 8 nov t/m 14 nov '21;70+;1377;5,45
2021-11-08; 8 nov t/m 14 nov '21;Totaal;9896;9,19
2021-11-15;15 nov t/m 21 nov '21;<=24;215;19,53
2021-11-15;15 nov t/m 21 nov '21;25-39;1072;13,81
2021-11-15;15 nov t/m 21 nov '21;40-49;1559;13,02
2021-11-15;15 nov t/m 21 nov '21;50-59;2657;9,75
2021-11-15;15 nov t/m 21 nov '21;60-69;3011;7,47
2021-11-15;15 nov t/m 21 nov '21;70+;1396;5,16
2021-11-15;15 nov t/m 21 nov '21;Totaal;9910;9,58
2021-11-22;22 nov t/m 28 nov '21;<=24;211;16,11
2021-11-22;22 nov t/m 28 nov '21;25-39;1126;12,97
2021-11-22;22 nov t/m 28 nov '21;40-49;1485;13,47
2021-11-22;22 nov t/m 28 nov '21;50-59;2548;8,01
2021-11-22;22 nov t/m 28 nov '21;60-69;2870;6,86
2021-11-22;22 nov t/m 28 nov '21;70+;1321;5,98
2021-11-22;22 nov t/m 28 nov '21;Totaal;9561;8,99
2021-11-29;29 nov t/m  5 dec '21;<=24;216;14,81
2021-11-29;29 nov t/m  5 dec '21;25-39;1072;13,71
2021-11-29;29 nov t/m  5 dec '21;40-49;1522;10,97
2021-11-29;29 nov t/m  5 dec '21;50-59;2573;6,96
2021-11-29;29 nov t/m  5 dec '21;60-69;2906;6,88
2021-11-29;29 nov t/m  5 dec '21;70+;1336;5,61
2021-11-29;29 nov t/m  5 dec '21;Totaal;9625;8,31
2021-12-06; 6 dec t/m 12 dec '21;<=24;198;7,07
2021-12-06; 6 dec t/m 12 dec '21;25-39;1058;13,14
2021-12-06; 6 dec t/m 12 dec '21;40-49;1526;9,17
2021-12-06; 6 dec t/m 12 dec '21;50-59;2631;5,85
2021-12-06; 6 dec t/m 12 dec '21;60-69;2964;5,97
2021-12-06; 6 dec t/m 12 dec '21;70+;1427;4,70
2021-12-06; 6 dec t/m 12 dec '21;Totaal;9804;7,05
2021-12-13;13 dec t/m 19 dec '21;<=24;184;8,15
2021-12-13;13 dec t/m 19 dec '21;25-39;1024;8,98
2021-12-13;13 dec t/m 19 dec '21;40-49;1511;7,81
2021-12-13;13 dec t/m 19 dec '21;50-59;2631;5,63
2021-12-13;13 dec t/m 19 dec '21;60-69;3002;4,33
2021-12-13;13 dec t/m 19 dec '21;70+;1436;3,06
2021-12-13;13 dec t/m 19 dec '21;Totaal;9788;5,59
2021-12-20;20 dec t/m 26 dec '21;<=24;186;9,14
2021-12-20;20 dec t/m 26 dec '21;25-39;1013;10,66
2021-12-20;20 dec t/m 26 dec '21;40-49;1433;8,16
2021-12-20;20 dec t/m 26 dec '21;50-59;2549;6,00
2021-12-20;20 dec t/m 26 dec '21;60-69;2955;4,97
2021-12-20;20 dec t/m 26 dec '21;70+;1394;2,44
2021-12-20;20 dec t/m 26 dec '21;Totaal;9530;6,04
2021-12-27;27 dec t/m  2 jan '21;<=24;195;4,62
2021-12-27;27 dec t/m  2 jan '21;25-39;1012;8,99
2021-12-27;27 dec t/m  2 jan '21;40-49;1516;7,32
2021-12-27;27 dec t/m  2 jan '21;50-59;2674;5,91
2021-12-27;27 dec t/m  2 jan '21;60-69;3061;5,62
2021-12-27;27 dec t/m  2 jan '21;70+;1447;4,22
2021-12-27;27 dec t/m  2 jan '21;Totaal;9905;6,08
2022-01-03; 3 jan t/m  9 jan '22;<=24;206;5,83
2022-01-03; 3 jan t/m  9 jan '22;25-39;1049;10,39
2022-01-03; 3 jan t/m  9 jan '22;40-49;1558;6,42
2022-01-03; 3 jan t/m  9 jan '22;50-59;2691;5,98
2022-01-03; 3 jan t/m  9 jan '22;60-69;3074;4,72
2022-01-03; 3 jan t/m  9 jan '22;70+;1475;3,19
2022-01-03; 3 jan t/m  9 jan '22;Totaal;10053;5,71
2022-01-10;10 jan t/m 16 jan '22;<=24;216;11,57
2022-01-10;10 jan t/m 16 jan '22;25-39;1030;9,32
2022-01-10;10 jan t/m 16 jan '22;40-49;1560;8,14
2022-01-10;10 jan t/m 16 jan '22;50-59;2686;6,03
2022-01-10;10 jan t/m 16 jan '22;60-69;3044;4,60
2022-01-10;10 jan t/m 16 jan '22;70+;1454;3,23
2022-01-10;10 jan t/m 16 jan '22;Totaal;9990;5,98
2022-01-17;17 jan t/m 23 jan '22;<=24;200;13,00
2022-01-17;17 jan t/m 23 jan '22;25-39;1036;11,68
2022-01-17;17 jan t/m 23 jan '22;40-49;1543;8,81
2022-01-17;17 jan t/m 23 jan '22;50-59;2661;5,30
2022-01-17;17 jan t/m 23 jan '22;60-69;3067;4,43
2022-01-17;17 jan t/m 23 jan '22;70+;1463;3,83
2022-01-17;17 jan t/m 23 jan '22;Totaal;9970;6,18
2022-01-24;24 jan t/m 30 jan '22;<=24;205;15,61
2022-01-24;24 jan t/m 30 jan '22;25-39;1040;15,77
2022-01-24;24 jan t/m 30 jan '22;40-49;1573;13,60
2022-01-24;24 jan t/m 30 jan '22;50-59;2673;7,74
2022-01-24;24 jan t/m 30 jan '22;60-69;3068;5,74
2022-01-24;24 jan t/m 30 jan '22;70+;1467;4,02
2022-01-24;24 jan t/m 30 jan '22;Totaal;10026;8,50
2022-01-31;31 jan t/m  6 feb '22;<=24;205;18,54
2022-01-31;31 jan t/m  6 feb '22;25-39;1040;16,54
2022-01-31;31 jan t/m  6 feb '22;40-49;1622;14,36
2022-01-31;31 jan t/m  6 feb '22;50-59;2686;8,04
2022-01-31;31 jan t/m  6 feb '22;60-69;3066;6,03
2022-01-31;31 jan t/m  6 feb '22;70+;1480;3,85
2022-01-31;31 jan t/m  6 feb '22;Totaal;10099;8,92
2022-02-07; 7 feb t/m 13 feb '22;<=24;207;13,53
2022-02-07; 7 feb t/m 13 feb '22;25-39;1001;14,29
2022-02-07; 7 feb t/m 13 feb '22;40-49;1539;12,87
2022-02-07; 7 feb t/m 13 feb '22;50-59;2662;7,74
2022-02-07; 7 feb t/m 13 feb '22;60-69;3057;6,18
2022-02-07; 7 feb t/m 13 feb '22;70+;1482;4,99
2022-02-07; 7 feb t/m 13 feb '22;Totaal;9948;8,42
2022-02-14;14 feb t/m 20 feb '22;<=24;194;16,49
2022-02-14;14 feb t/m 20 feb '22;25-39;971;12,77
2022-02-14;14 feb t/m 20 feb '22;40-49;1527;11,98
2022-02-14;14 feb t/m 20 feb '22;50-59;2646;7,56
2022-02-14;14 feb t/m 20 feb '22;60-69;3010;5,78
2022-02-14;14 feb t/m 20 feb '22;70+;1473;4,34
2022-02-14;14 feb t/m 20 feb '22;Totaal;9821;7,91
2022-02-21;21 feb t/m 27 feb '22;<=24;188;11,70
2022-02-21;21 feb t/m 27 feb '22;25-39;888;12,61
2022-02-21;21 feb t/m 27 feb '22;40-49;1437;8,98
2022-02-21;21 feb t/m 27 feb '22;50-59;2556;7,12
2022-02-21;21 feb t/m 27 feb '22;60-69;2920;5,17
2022-02-21;21 feb t/m 27 feb '22;70+;1470;4,56
2022-02-21;21 feb t/m 27 feb '22;Totaal;9459;7,01
2022-02-28;28 feb t/m  6 mrt '22;<=24;175;20,57
2022-02-28;28 feb t/m  6 mrt '22;25-39;919;18,17
2022-02-28;28 feb t/m  6 mrt '22;40-49;1417;13,76
2022-02-28;28 feb t/m  6 mrt '22;50-59;2546;9,15
2022-02-28;28 feb t/m  6 mrt '22;60-69;2956;6,97
2022-02-28;28 feb t/m  6 mrt '22;70+;1467;4,09
2022-02-28;28 feb t/m  6 mrt '22;Totaal;9480;9,46
2022-03-07; 7 mrt t/m 13 mrt '22;<=24;184;23,91
2022-03-07; 7 mrt t/m 13 mrt '22;25-39;895;17,21
2022-03-07; 7 mrt t/m 13 mrt '22;40-49;1437;14,89
2022-03-07; 7 mrt t/m 13 mrt '22;50-59;2534;12,75
2022-03-07; 7 mrt t/m 13 mrt '22;60-69;2983;10,06
2022-03-07; 7 mrt t/m 13 mrt '22;70+;1488;6,45
2022-03-07; 7 mrt t/m 13 mrt '22;Totaal;9521;11,88
2022-03-14;14 mrt t/m 20 mrt '22;<=24;172;15,70
2022-03-14;14 mrt t/m 20 mrt '22;25-39;856;15,89
2022-03-14;14 mrt t/m 20 mrt '22;40-49;1420;10,49
2022-03-14;14 mrt t/m 20 mrt '22;50-59;2465;10,67
2022-03-14;14 mrt t/m 20 mrt '22;60-69;2972;10,30
2022-03-14;14 mrt t/m 20 mrt '22;70+;1457;8,10
2022-03-14;14 mrt t/m 20 mrt '22;Totaal;9342;10,69
2022-03-21;21 mrt t/m 27 mrt '22;<=24;171;11,11
2022-03-21;21 mrt t/m 27 mrt '22;25-39;840;14,17
2022-03-21;21 mrt t/m 27 mrt '22;40-49;1335;10,94
2022-03-21;21 mrt t/m 27 mrt '22;50-59;2446;9,93
2022-03-21;21 mrt t/m 27 mrt '22;60-69;2884;7,77
2022-03-21;21 mrt t/m 27 mrt '22;70+;1454;6,33
2022-03-21;21 mrt t/m 27 mrt '22;Totaal;9130;9,23
2022-03-28;28 mrt t/m  3 apr '22;<=24;179;16,20
2022-03-28;28 mrt t/m  3 apr '22;25-39;807;12,39
2022-03-28;28 mrt t/m  3 apr '22;40-49;1328;11,37
2022-03-28;28 mrt t/m  3 apr '22;50-59;2393;9,69
2022-03-28;28 mrt t/m  3 apr '22;60-69;2915;7,10
2022-03-28;28 mrt t/m  3 apr '22;70+;1438;6,68
2022-03-28;28 mrt t/m  3 apr '22;Totaal;9060;9,00
2022-04-04; 4 apr t/m 10 apr '22;<=24;155;14,19
2022-04-04; 4 apr t/m 10 apr '22;25-39;780;12,95
2022-04-04; 4 apr t/m 10 apr '22;40-49;1295;8,80
2022-04-04; 4 apr t/m 10 apr '22;50-59;2394;7,81
2022-04-04; 4 apr t/m 10 apr '22;60-69;2878;6,91
2022-04-04; 4 apr t/m 10 apr '22;70+;1465;5,46
2022-04-04; 4 apr t/m 10 apr '22;Totaal;8967;7,84
2022-04-11;11 apr t/m 17 apr '22;<=24;139;12,23
2022-04-11;11 apr t/m 17 apr '22;25-39;699;10,73
2022-04-11;11 apr t/m 17 apr '22;40-49;1181;8,64
2022-04-11;11 apr t/m 17 apr '22;50-59;2169;7,19
2022-04-11;11 apr t/m 17 apr '22;60-69;2701;6,52
2022-04-11;11 apr t/m 17 apr '22;70+;1329;5,42
2022-04-11;11 apr t/m 17 apr '22;Totaal;8218;7,28
2022-04-18;18 apr t/m 24 apr '22;<=24;141;14,18
2022-04-18;18 apr t/m 24 apr '22;25-39;750;12,93
2022-04-18;18 apr t/m 24 apr '22;40-49;1186;8,52
2022-04-18;18 apr t/m 24 apr '22;50-59;2228;6,96
2022-04-18;18 apr t/m 24 apr '22;60-69;2790;4,80
2022-04-18;18 apr t/m 24 apr '22;70+;1416;4,24
2022-04-18;18 apr t/m 24 apr '22;Totaal;8511;6,66
2022-04-25;25 apr t/m  1 mei '22;<=24;124;16,13
2022-04-25;25 apr t/m  1 mei '22;25-39;703;8,96
2022-04-25;25 apr t/m  1 mei '22;40-49;1109;5,68
2022-04-25;25 apr t/m  1 mei '22;50-59;2189;5,66
2022-04-25;25 apr t/m  1 mei '22;60-69;2768;4,95
2022-04-25;25 apr t/m  1 mei '22;70+;1430;3,71
2022-04-25;25 apr t/m  1 mei '22;Totaal;8323;5,53
2022-05-02; 2 mei t/m  8 mei '22;<=24;119;10,92
2022-05-02; 2 mei t/m  8 mei '22;25-39;675;9,78
2022-05-02; 2 mei t/m  8 mei '22;40-49;1088;6,25
2022-05-02; 2 mei t/m  8 mei '22;50-59;2090;4,88
2022-05-02; 2 mei t/m  8 mei '22;60-69;2690;4,46
2022-05-02; 2 mei t/m  8 mei '22;70+;1391;3,09
2022-05-02; 2 mei t/m  8 mei '22;Totaal;8053;5,12
2022-05-09; 9 mei t/m 15 mei '22;<=24;117;9,40
2022-05-09; 9 mei t/m 15 mei '22;25-39;662;9,06
2022-05-09; 9 mei t/m 15 mei '22;40-49;1091;6,14
2022-05-09; 9 mei t/m 15 mei '22;50-59;2127;5,12
2022-05-09; 9 mei t/m 15 mei '22;60-69;2656;3,46
2022-05-09; 9 mei t/m 15 mei '22;70+;1405;2,28
2022-05-09; 9 mei t/m 15 mei '22;Totaal;8058;4,60
2022-05-16;16 mei t/m 22 mei '22;<=24;122;4,92
2022-05-16;16 mei t/m 22 mei '22;25-39;655;7,18
2022-05-16;16 mei t/m 22 mei '22;40-49;1093;5,76
2022-05-16;16 mei t/m 22 mei '22;50-59;2113;5,49
2022-05-16;16 mei t/m 22 mei '22;60-69;2674;3,44
2022-05-16;16 mei t/m 22 mei '22;70+;1410;2,13
2022-05-16;16 mei t/m 22 mei '22;Totaal;8067;4,39
2022-05-23;23 mei t/m 29 mei '22;<=24;126;12,70
2022-05-23;23 mei t/m 29 mei '22;25-39;607;7,41
2022-05-23;23 mei t/m 29 mei '22;40-49;1054;6,45
2022-05-23;23 mei t/m 29 mei '22;50-59;2090;4,74
2022-05-23;23 mei t/m 29 mei '22;60-69;2646;3,89
2022-05-23;23 mei t/m 29 mei '22;70+;1387;2,16
2022-05-23;23 mei t/m 29 mei '22;Totaal;7910;4,56
2022-05-30;30 mei t/m  5 jun '22;<=24;120;14,17
2022-05-30;30 mei t/m  5 jun '22;25-39;594;8,75
2022-05-30;30 mei t/m  5 jun '22;40-49;1035;7,34
2022-05-30;30 mei t/m  5 jun '22;50-59;2036;5,80
2022-05-30;30 mei t/m  5 jun '22;60-69;2592;4,28
2022-05-30;30 mei t/m  5 jun '22;70+;1391;3,24
2022-05-30;30 mei t/m  5 jun '22;Totaal;7768;5,39
2022-06-06; 6 jun t/m 12 jun '22;<=24;114;13,16
2022-06-06; 6 jun t/m 12 jun '22;25-39;606;11,55
2022-06-06; 6 jun t/m 12 jun '22;40-49;1047;7,07
2022-06-06; 6 jun t/m 12 jun '22;50-59;2032;6,79
2022-06-06; 6 jun t/m 12 jun '22;60-69;2633;4,52
2022-06-06; 6 jun t/m 12 jun '22;70+;1363;3,60
2022-06-06; 6 jun t/m 12 jun '22;Totaal;7795;5,97
2022-06-13;13 jun t/m 19 jun '22;<=24;73;12,33
2022-06-13;13 jun t/m 19 jun '22;25-39;400;12,00
2022-06-13;13 jun t/m 19 jun '22;40-49;738;9,62
2022-06-13;13 jun t/m 19 jun '22;50-59;1376;7,41
2022-06-13;13 jun t/m 19 jun '22;60-69;1711;5,73
2022-06-13;13 jun t/m 19 jun '22;70+;936;3,53
2022-06-13;13 jun t/m 19 jun '22;Totaal;5234;6,90
2022-06-20;20 jun t/m 26 jun '22;<=24;129;8,53
2022-06-20;20 jun t/m 26 jun '22;25-39;668;11,38
2022-06-20;20 jun t/m 26 jun '22;40-49;1190;9,75
2022-06-20;20 jun t/m 26 jun '22;50-59;2305;8,89
2022-06-20;20 jun t/m 26 jun '22;60-69;2851;6,03
2022-06-20;20 jun t/m 26 jun '22;70+;1469;4,90
2022-06-20;20 jun t/m 26 jun '22;Totaal;8612;7,57
2022-06-27;27 jun t/m  3 jul '22;<=24;122;13,11
2022-06-27;27 jun t/m  3 jul '22;25-39;667;8,10
2022-06-27;27 jun t/m  3 jul '22;40-49;1178;8,23
2022-06-27;27 jun t/m  3 jul '22;50-59;2290;7,82
2022-06-27;27 jun t/m  3 jul '22;60-69;2813;5,40
2022-06-27;27 jun t/m  3 jul '22;70+;1418;3,03
2022-06-27;27 jun t/m  3 jul '22;Totaal;8488;6,37
2022-07-04; 4 jul t/m 10 jul '22;<=24;110;9,09
2022-07-04; 4 jul t/m 10 jul '22;25-39;710;14,37
2022-07-04; 4 jul t/m 10 jul '22;40-49;1218;9,85
2022-07-04; 4 jul t/m 10 jul '22;50-59;2416;7,62
2022-07-04; 4 jul t/m 10 jul '22;60-69;2919;4,76
2022-07-04; 4 jul t/m 10 jul '22;70+;1519;4,08
2022-07-04; 4 jul t/m 10 jul '22;Totaal;8892;6,94
2022-07-11;11 jul t/m 17 jul '22;<=24;118;8,47
2022-07-11;11 jul t/m 17 jul '22;25-39;678;10,32
2022-07-11;11 jul t/m 17 jul '22;40-49;1167;7,80
2022-07-11;11 jul t/m 17 jul '22;50-59;2391;7,07
2022-07-11;11 jul t/m 17 jul '22;60-69;2863;5,62
2022-07-11;11 jul t/m 17 jul '22;70+;1508;4,18
2022-07-11;11 jul t/m 17 jul '22;Totaal;8725;6,46
2022-07-18;18 jul t/m 24 jul '22;<=24;123;9,76
2022-07-18;18 jul t/m 24 jul '22;25-39;625;8,64
2022-07-18;18 jul t/m 24 jul '22;40-49;1124;7,74
2022-07-18;18 jul t/m 24 jul '22;50-59;2277;5,49
2022-07-18;18 jul t/m 24 jul '22;60-69;2877;5,01
2022-07-18;18 jul t/m 24 jul '22;70+;1504;3,32
2022-07-18;18 jul t/m 24 jul '22;Totaal;8530;5,53
2022-07-25;25 jul t/m 31 jul '22;<=24;69;5,80
2022-07-25;25 jul t/m 31 jul '22;25-39;357;5,88
2022-07-25;25 jul t/m 31 jul '22;40-49;620;8,23
2022-07-25;25 jul t/m 31 jul '22;50-59;1334;5,32
2022-07-25;25 jul t/m 31 jul '22;60-69;1668;3,90
2022-07-25;25 jul t/m 31 jul '22;70+;874;4,35
2022-07-25;25 jul t/m 31 jul '22;Totaal;4922;5,08
2022-08-01; 1 aug t/m  7 aug '22;<=24;107;10,28
2022-08-01; 1 aug t/m  7 aug '22;25-39;617;8,91
2022-08-01; 1 aug t/m  7 aug '22;40-49;1026;6,14
2022-08-01; 1 aug t/m  7 aug '22;50-59;2208;5,21
2022-08-01; 1 aug t/m  7 aug '22;60-69;2770;3,57
2022-08-01; 1 aug t/m  7 aug '22;70+;1489;3,49
2022-08-01; 1 aug t/m  7 aug '22;Totaal;8217;4,81
2022-08-08; 8 aug t/m 14 aug '22;<=24;100;6,00
2022-08-08; 8 aug t/m 14 aug '22;25-39;581;6,54
2022-08-08; 8 aug t/m 14 aug '22;40-49;1015;5,22
2022-08-08; 8 aug t/m 14 aug '22;50-59;2214;4,92
2022-08-08; 8 aug t/m 14 aug '22;60-69;2844;3,31
2022-08-08; 8 aug t/m 14 aug '22;70+;1538;2,28
2022-08-08; 8 aug t/m 14 aug '22;Totaal;8292;4,04
2022-08-15;15 aug t/m 21 aug '22;<=24;96;6,25
2022-08-15;15 aug t/m 21 aug '22;25-39;577;4,51
2022-08-15;15 aug t/m 21 aug '22;40-49;1046;5,26
2022-08-15;15 aug t/m 21 aug '22;50-59;2189;2,83
2022-08-15;15 aug t/m 21 aug '22;60-69;2829;2,76
2022-08-15;15 aug t/m 21 aug '22;70+;1544;1,68
2022-08-15;15 aug t/m 21 aug '22;Totaal;8281;3,06
2022-08-22;22 aug t/m 28 aug '22;<=24;102;0,98
2022-08-22;22 aug t/m 28 aug '22;25-39;571;6,30
2022-08-22;22 aug t/m 28 aug '22;40-49;1063;5,36
2022-08-22;22 aug t/m 28 aug '22;50-59;2174;4,23
2022-08-22;22 aug t/m 28 aug '22;60-69;2762;2,53
2022-08-22;22 aug t/m 28 aug '22;70+;1492;1,74
2022-08-22;22 aug t/m 28 aug '22;Totaal;8164;3,45
2022-08-29;29 aug t/m  4 sep '22;<=24;102;5,88
2022-08-29;29 aug t/m  4 sep '22;25-39;637;9,26
2022-08-29;29 aug t/m  4 sep '22;40-49;1097;6,56
2022-08-29;29 aug t/m  4 sep '22;50-59;2189;4,61
2022-08-29;29 aug t/m  4 sep '22;60-69;2813;4,05
2022-08-29;29 aug t/m  4 sep '22;70+;1504;2,79
2022-08-29;29 aug t/m  4 sep '22;Totaal;8342;4,72
2022-09-05; 5 sep t/m 11 sep '22;<=24;185;16,22
2022-09-05; 5 sep t/m 11 sep '22;25-39;969;11,87
2022-09-05; 5 sep t/m 11 sep '22;40-49;1501;8,79
2022-09-05; 5 sep t/m 11 sep '22;50-59;2617;6,38
2022-09-05; 5 sep t/m 11 sep '22;60-69;3230;4,61
2022-09-05; 5 sep t/m 11 sep '22;70+;1760;3,18
2022-09-05; 5 sep t/m 11 sep '22;Totaal;10262;6,32
2022-09-12;12 sep t/m 18 sep '22;<=24;276;19,93
2022-09-12;12 sep t/m 18 sep '22;25-39;1223;13,65
2022-09-12;12 sep t/m 18 sep '22;40-49;1756;11,39
2022-09-12;12 sep t/m 18 sep '22;50-59;3047;7,65
2022-09-12;12 sep t/m 18 sep '22;60-69;3719;5,16
2022-09-12;12 sep t/m 18 sep '22;70+;2044;4,45
2022-09-12;12 sep t/m 18 sep '22;Totaal;12065;7,77
2022-09-19;19 sep t/m 25 sep '22;<=24;353;22,66
2022-09-19;19 sep t/m 25 sep '22;25-39;1544;20,60
2022-09-19;19 sep t/m 25 sep '22;40-49;2097;16,50
2022-09-19;19 sep t/m 25 sep '22;50-59;3551;12,59
2022-09-19;19 sep t/m 25 sep '22;60-69;4317;8,99
2022-09-19;19 sep t/m 25 sep '22;70+;2463;6,29
2022-09-19;19 sep t/m 25 sep '22;Totaal;14325;12,10
2022-09-26;26 sep t/m  2 okt '22;<=24;463;23,11
2022-09-26;26 sep t/m  2 okt '22;25-39;1837;22,54
2022-09-26;26 sep t/m  2 okt '22;40-49;2471;18,13
2022-09-26;26 sep t/m  2 okt '22;50-59;4022;13,72
2022-09-26;26 sep t/m  2 okt '22;60-69;4805;10,26
2022-09-26;26 sep t/m  2 okt '22;70+;2671;8,87
2022-09-26;26 sep t/m  2 okt '22;Totaal;16269;13,84
2022-10-03; 3 okt t/m  9 okt '22;<=24;431;23,67
2022-10-03; 3 okt t/m  9 okt '22;25-39;1916;21,61
2022-10-03; 3 okt t/m  9 okt '22;40-49;2563;17,52
2022-10-03; 3 okt t/m  9 okt '22;50-59;4207;14,43
2022-10-03; 3 okt t/m  9 okt '22;60-69;5014;11,31
2022-10-03; 3 okt t/m  9 okt '22;70+;2766;8,64
2022-10-03; 3 okt t/m  9 okt '22;Totaal;16897;14,07
2022-10-10;10 okt t/m 16 okt '22;<=24;410;19,27
2022-10-10;10 okt t/m 16 okt '22;25-39;1890;19,74
2022-10-10;10 okt t/m 16 okt '22;40-49;2563;14,12
2022-10-10;10 okt t/m 16 okt '22;50-59;4324;12,53
2022-10-10;10 okt t/m 16 okt '22;60-69;5119;9,98
2022-10-10;10 okt t/m 16 okt '22;70+;2802;8,99
2022-10-10;10 okt t/m 16 okt '22;Totaal;17108;12,39
2022-10-17;17 okt t/m 23 okt '22;<=24;390;18,97
2022-10-17;17 okt t/m 23 okt '22;25-39;1872;17,63
2022-10-17;17 okt t/m 23 okt '22;40-49;2550;12,04
2022-10-17;17 okt t/m 23 okt '22;50-59;4290;9,63
2022-10-17;17 okt t/m 23 okt '22;60-69;5117;8,79
2022-10-17;17 okt t/m 23 okt '22;70+;2819;6,46
2022-10-17;17 okt t/m 23 okt '22;Totaal;17038;10,31
2022-10-24;24 okt t/m 30 okt '22;<=24;380;21,32
2022-10-24;24 okt t/m 30 okt '22;25-39;1822;15,20
2022-10-24;24 okt t/m 30 okt '22;40-49;2555;10,45
2022-10-24;24 okt t/m 30 okt '22;50-59;4323;8,54
2022-10-24;24 okt t/m 30 okt '22;60-69;5099;6,75
2022-10-24;24 okt t/m 30 okt '22;70+;2822;5,49
2022-10-24;24 okt t/m 30 okt '22;Totaal;17001;8,78
2022-10-31;31 okt t/m  6 nov '22;<=24;382;15,45
2022-10-31;31 okt t/m  6 nov '22;25-39;1781;14,60
2022-10-31;31 okt t/m  6 nov '22;40-49;2532;10,35
2022-10-31;31 okt t/m  6 nov '22;50-59;4234;7,25
2022-10-31;31 okt t/m  6 nov '22;60-69;5125;7,40
2022-10-31;31 okt t/m  6 nov '22;70+;2809;5,06
2022-10-31;31 okt t/m  6 nov '22;Totaal;16863;8,36
2022-11-07; 7 nov t/m 13 nov '22;<=24;360;20,83
2022-11-07; 7 nov t/m 13 nov '22;25-39;1711;15,60
2022-11-07; 7 nov t/m 13 nov '22;40-49;2390;11,21
2022-11-07; 7 nov t/m 13 nov '22;50-59;4142;8,33
2022-11-07; 7 nov t/m 13 nov '22;60-69;4964;6,04
2022-11-07; 7 nov t/m 13 nov '22;70+;2791;4,87
2022-11-07; 7 nov t/m 13 nov '22;Totaal;16358;8,50
2022-11-14;14 nov t/m 20 nov '22;<=24;339;21,24
2022-11-14;14 nov t/m 20 nov '22;25-39;1675;16,18
2022-11-14;14 nov t/m 20 nov '22;40-49;2362;11,60
2022-11-14;14 nov t/m 20 nov '22;50-59;4113;8,29
2022-11-14;14 nov t/m 20 nov '22;60-69;4904;6,79
2022-11-14;14 nov t/m 20 nov '22;70+;2749;5,35
2022-11-14;14 nov t/m 20 nov '22;Totaal;16142;8,91
2022-11-21;21 nov t/m 27 nov '22;<=24;347;17,29
2022-11-21;21 nov t/m 27 nov '22;25-39;1639;18,24
2022-11-21;21 nov t/m 27 nov '22;40-49;2287;12,11
2022-11-21;21 nov t/m 27 nov '22;50-59;4042;9,08
2022-11-21;21 nov t/m 27 nov '22;60-69;4879;7,71
2022-11-21;21 nov t/m 27 nov '22;70+;2725;5,06
2022-11-21;21 nov t/m 27 nov '22;Totaal;15919;9,53
2022-11-28;28 nov t/m  4 dec '22;<=24;306;21,24
2022-11-28;28 nov t/m  4 dec '22;25-39;1619;16,74
2022-11-28;28 nov t/m  4 dec '22;40-49;2244;13,81
2022-11-28;28 nov t/m  4 dec '22;50-59;3934;10,73
2022-11-28;28 nov t/m  4 dec '22;60-69;4800;8,69
2022-11-28;28 nov t/m  4 dec '22;70+;2698;6,89
2022-11-28;28 nov t/m  4 dec '22;Totaal;15601;10,71
2022-12-05; 5 dec t/m 11 dec '22;<=24;326;20,55
2022-12-05; 5 dec t/m 11 dec '22;25-39;1577;19,85
2022-12-05; 5 dec t/m 11 dec '22;40-49;2229;13,28
2022-12-05; 5 dec t/m 11 dec '22;50-59;3884;11,95
2022-12-05; 5 dec t/m 11 dec '22;60-69;4770;9,27
2022-12-05; 5 dec t/m 11 dec '22;70+;2709;6,64
2022-12-05; 5 dec t/m 11 dec '22;Totaal;15495;11,37
2022-12-12;12 dec t/m 18 dec '22;<=24;303;22,11
2022-12-12;12 dec t/m 18 dec '22;25-39;1570;19,87
2022-12-12;12 dec t/m 18 dec '22;40-49;2181;14,63
2022-12-12;12 dec t/m 18 dec '22;50-59;3840;11,43
2022-12-12;12 dec t/m 18 dec '22;60-69;4750;9,05
2022-12-12;12 dec t/m 18 dec '22;70+;2726;7,67
2022-12-12;12 dec t/m 18 dec '22;Totaal;15370;11,55
2022-12-19;19 dec t/m 25 dec '22;<=24;279;20,79
2022-12-19;19 dec t/m 25 dec '22;25-39;1460;18,56
2022-12-19;19 dec t/m 25 dec '22;40-49;2099;16,06
2022-12-19;19 dec t/m 25 dec '22;50-59;3700;12,65
2022-12-19;19 dec t/m 25 dec '22;60-69;4580;10,28
2022-12-19;19 dec t/m 25 dec '22;70+;2542;8,89
2022-12-19;19 dec t/m 25 dec '22;Totaal;14660;12,49
2022-12-26;26 dec t/m  1 jan '22;<=24;266;18,42
2022-12-26;26 dec t/m  1 jan '22;25-39;1468;16,76
2022-12-26;26 dec t/m  1 jan '22;40-49;2135;13,86
2022-12-26;26 dec t/m  1 jan '22;50-59;3780;12,75
2022-12-26;26 dec t/m  1 jan '22;60-69;4734;10,18
2022-12-26;26 dec t/m  1 jan '22;70+;2678;8,33
2022-12-26;26 dec t/m  1 jan '22;Totaal;15061;11,81
2023-01-02; 2 jan t/m  8 jan '23;<=24;274;19,34
2023-01-02; 2 jan t/m  8 jan '23;25-39;1489;15,45
2023-01-02; 2 jan t/m  8 jan '23;40-49;2108;12,00
2023-01-02; 2 jan t/m  8 jan '23;50-59;3845;10,30
2023-01-02; 2 jan t/m  8 jan '23;60-69;4735;7,33
2023-01-02; 2 jan t/m  8 jan '23;70+;2709;7,12
2023-01-02; 2 jan t/m  8 jan '23;Totaal;15160;9,71
2023-01-09; 9 jan t/m 15 jan '23;<=24;276;15,58
2023-01-09; 9 jan t/m 15 jan '23;25-39;1426;11,15
2023-01-09; 9 jan t/m 15 jan '23;40-49;2135;8,81
2023-01-09; 9 jan t/m 15 jan '23;50-59;3810;7,01
2023-01-09; 9 jan t/m 15 jan '23;60-69;4750;5,54
2023-01-09; 9 jan t/m 15 jan '23;70+;2719;4,49
2023-01-09; 9 jan t/m 15 jan '23;Totaal;15116;6,89
2023-01-16;16 jan t/m 22 jan '23;<=24;277;7,94
2023-01-16;16 jan t/m 22 jan '23;25-39;1405;11,53
2023-01-16;16 jan t/m 22 jan '23;40-49;2075;7,76
2023-01-16;16 jan t/m 22 jan '23;50-59;3747;6,43
2023-01-16;16 jan t/m 22 jan '23;60-69;4683;4,53
2023-01-16;16 jan t/m 22 jan '23;70+;2690;3,68
2023-01-16;16 jan t/m 22 jan '23;Totaal;14877;6,03
2023-01-23;23 jan t/m 29 jan '23;<=24;264;10,98
2023-01-23;23 jan t/m 29 jan '23;25-39;1367;13,31
2023-01-23;23 jan t/m 29 jan '23;40-49;2038;9,57
2023-01-23;23 jan t/m 29 jan '23;50-59;3709;6,42
2023-01-23;23 jan t/m 29 jan '23;60-69;4671;5,25
2023-01-23;23 jan t/m 29 jan '23;70+;2693;3,56
2023-01-23;23 jan t/m 29 jan '23;Totaal;14742;6,68
2023-01-30;30 jan t/m  5 feb '23;<=24;273;18,68
2023-01-30;30 jan t/m  5 feb '23;25-39;1382;13,89
2023-01-30;30 jan t/m  5 feb '23;40-49;1993;10,99
2023-01-30;30 jan t/m  5 feb '23;50-59;3654;6,95
2023-01-30;30 jan t/m  5 feb '23;60-69;4605;5,28
2023-01-30;30 jan t/m  5 feb '23;70+;2681;3,84
2023-01-30;30 jan t/m  5 feb '23;Totaal;14588;7,28
2023-02-06; 6 feb t/m 12 feb '23;<=24;267;17,60
2023-02-06; 6 feb t/m 12 feb '23;25-39;1314;14,00
2023-02-06; 6 feb t/m 12 feb '23;40-49;1978;10,36
2023-02-06; 6 feb t/m 12 feb '23;50-59;3654;8,21
2023-02-06; 6 feb t/m 12 feb '23;60-69;4603;6,60
2023-02-06; 6 feb t/m 12 feb '23;70+;2671;4,72
2023-02-06; 6 feb t/m 12 feb '23;Totaal;14487;8,05
2023-02-13;13 feb t/m 19 feb '23;<=24;243;18,93
2023-02-13;13 feb t/m 19 feb '23;25-39;1336;15,87
2023-02-13;13 feb t/m 19 feb '23;40-49;1994;10,38
2023-02-13;13 feb t/m 19 feb '23;50-59;3594;8,40
2023-02-13;13 feb t/m 19 feb '23;60-69;4573;7,19
2023-02-13;13 feb t/m 19 feb '23;70+;2667;4,87
2023-02-13;13 feb t/m 19 feb '23;Totaal;14407;8,51
2023-02-20;20 feb t/m 26 feb '23;<=24;238;21,01
2023-02-20;20 feb t/m 26 feb '23;25-39;1260;16,83
2023-02-20;20 feb t/m 26 feb '23;40-49;1934;14,53
2023-02-20;20 feb t/m 26 feb '23;50-59;3598;8,81
2023-02-20;20 feb t/m 26 feb '23;60-69;4510;7,41
2023-02-20;20 feb t/m 26 feb '23;70+;2653;4,49
2023-02-20;20 feb t/m 26 feb '23;Totaal;14193;9,25
2023-02-27;27 feb t/m  5 mrt '23;<=24;248;20,16
2023-02-27;27 feb t/m  5 mrt '23;25-39;1248;16,67
2023-02-27;27 feb t/m  5 mrt '23;40-49;1903;11,46
2023-02-27;27 feb t/m  5 mrt '23;50-59;3521;9,63
2023-02-27;27 feb t/m  5 mrt '23;60-69;4452;7,79
2023-02-27;27 feb t/m  5 mrt '23;70+;2619;5,50
2023-02-27;27 feb t/m  5 mrt '23;Totaal;13991;9,33
2023-03-06; 6 mrt t/m 12 mrt '23;<=24;240;13,75
2023-03-06; 6 mrt t/m 12 mrt '23;25-39;1237;13,26
2023-03-06; 6 mrt t/m 12 mrt '23;40-49;1864;9,66
2023-03-06; 6 mrt t/m 12 mrt '23;50-59;3420;8,74
2023-03-06; 6 mrt t/m 12 mrt '23;60-69;4327;7,72
2023-03-06; 6 mrt t/m 12 mrt '23;70+;2607;4,68
2023-03-06; 6 mrt t/m 12 mrt '23;Totaal;13695;8,27
2023-03-13;13 mrt t/m 19 mrt '23;<=24;221;12,22
2023-03-13;13 mrt t/m 19 mrt '23;25-39;1222;12,36
2023-03-13;13 mrt t/m 19 mrt '23;40-49;1862;9,02
2023-03-13;13 mrt t/m 19 mrt '23;50-59;3438;8,17
2023-03-13;13 mrt t/m 19 mrt '23;60-69;4359;6,26
2023-03-13;13 mrt t/m 19 mrt '23;70+;2546;4,48
2023-03-13;13 mrt t/m 19 mrt '23;Totaal;13648;7,43
2023-03-20;20 mrt t/m 26 mrt '23;<=24;161;14,91
2023-03-20;20 mrt t/m 26 mrt '23;25-39;802;8,98
2023-03-20;20 mrt t/m 26 mrt '23;40-49;1277;8,22
2023-03-20;20 mrt t/m 26 mrt '23;50-59;2351;6,21
2023-03-20;20 mrt t/m 26 mrt '23;60-69;3009;4,95
2023-03-20;20 mrt t/m 26 mrt '23;70+;1811;3,20
2023-03-20;20 mrt t/m 26 mrt '23;Totaal;9411;5,89
2023-03-27;27 mrt t/m  2 apr '23;<=24;230;17,83
2023-03-27;27 mrt t/m  2 apr '23;25-39;1197;13,03
2023-03-27;27 mrt t/m  2 apr '23;40-49;1869;9,90
2023-03-27;27 mrt t/m  2 apr '23;50-59;3537;7,10
2023-03-27;27 mrt t/m  2 apr '23;60-69;4515;5,65
2023-03-27;27 mrt t/m  2 apr '23;70+;2689;4,02
2023-03-27;27 mrt t/m  2 apr '23;Totaal;14037;7,10
2023-04-03; 3 apr t/m  9 apr '23;<=24;193;11,92
2023-04-03; 3 apr t/m  9 apr '23;25-39;1024;10,45
2023-04-03; 3 apr t/m  9 apr '23;40-49;1650;8,18
2023-04-03; 3 apr t/m  9 apr '23;50-59;3062;5,91
2023-04-03; 3 apr t/m  9 apr '23;60-69;4095;5,05
2023-04-03; 3 apr t/m  9 apr '23;70+;2510;3,43
2023-04-03; 3 apr t/m  9 apr '23;Totaal;12534;5,90
2023-04-10;10 apr t/m 16 apr '23;<=24;198;10,61
2023-04-10;10 apr t/m 16 apr '23;25-39;1037;11,76
2023-04-10;10 apr t/m 16 apr '23;40-49;1664;9,13
2023-04-10;10 apr t/m 16 apr '23;50-59;3230;5,39
2023-04-10;10 apr t/m 16 apr '23;60-69;4226;4,90
2023-04-10;10 apr t/m 16 apr '23;70+;2536;3,35
2023-04-10;10 apr t/m 16 apr '23;Totaal;12891;5,90
2023-04-17;17 apr t/m 23 apr '23;<=24;197;16,24
2023-04-17;17 apr t/m 23 apr '23;25-39;996;10,04
2023-04-17;17 apr t/m 23 apr '23;40-49;1594;7,34
2023-04-17;17 apr t/m 23 apr '23;50-59;3128;5,88
2023-04-17;17 apr t/m 23 apr '23;60-69;4135;4,64
2023-04-17;17 apr t/m 23 apr '23;70+;2489;2,89
2023-04-17;17 apr t/m 23 apr '23;Totaal;12539;5,56
2023-04-24;24 apr t/m 30 apr '23;<=24;184;13,59
2023-04-24;24 apr t/m 30 apr '23;25-39;926;9,94
2023-04-24;24 apr t/m 30 apr '23;40-49;1515;7,00
2023-04-24;24 apr t/m 30 apr '23;50-59;2996;5,21
2023-04-24;24 apr t/m 30 apr '23;60-69;4041;4,16
2023-04-24;24 apr t/m 30 apr '23;70+;2470;3,64
2023-04-24;24 apr t/m 30 apr '23;Totaal;12132;5,25
2023-05-01; 1 mei t/m  7 mei '23;<=24;159;8,81
2023-05-01; 1 mei t/m  7 mei '23;25-39;928;10,45
2023-05-01; 1 mei t/m  7 mei '23;40-49;1490;6,91
2023-05-01; 1 mei t/m  7 mei '23;50-59;3003;5,69
2023-05-01; 1 mei t/m  7 mei '23;60-69;4027;4,00
2023-05-01; 1 mei t/m  7 mei '23;70+;2473;3,23
2023-05-01; 1 mei t/m  7 mei '23;Totaal;12080;5,18
2023-05-08; 8 mei t/m 14 mei '23;<=24;181;7,18
2023-05-08; 8 mei t/m 14 mei '23;25-39;912;8,66
2023-05-08; 8 mei t/m 14 mei '23;40-49;1484;6,60
2023-05-08; 8 mei t/m 14 mei '23;50-59;2964;4,42
2023-05-08; 8 mei t/m 14 mei '23;60-69;3979;3,29
2023-05-08; 8 mei t/m 14 mei '23;70+;2435;2,79
2023-05-08; 8 mei t/m 14 mei '23;Totaal;11955;4,35
2023-05-15;15 mei t/m 21 mei '23;<=24;167;8,98
2023-05-15;15 mei t/m 21 mei '23;25-39;878;8,77
2023-05-15;15 mei t/m 21 mei '23;40-49;1433;7,19
2023-05-15;15 mei t/m 21 mei '23;50-59;2870;4,98
2023-05-15;15 mei t/m 21 mei '23;60-69;3889;3,73
2023-05-15;15 mei t/m 21 mei '23;70+;2428;2,80
2023-05-15;15 mei t/m 21 mei '23;Totaal;11665;4,72
2023-05-22;22 mei t/m 28 mei '23;<=24;161;12,42
2023-05-22;22 mei t/m 28 mei '23;25-39;900;9,44
2023-05-22;22 mei t/m 28 mei '23;40-49;1452;6,82
2023-05-22;22 mei t/m 28 mei '23;50-59;2807;5,59
2023-05-22;22 mei t/m 28 mei '23;60-69;3854;3,61
2023-05-22;22 mei t/m 28 mei '23;70+;2346;2,47
2023-05-22;22 mei t/m 28 mei '23;Totaal;11520;4,84
2023-05-29;29 mei t/m  4 jun '23;<=24;165;10,91
2023-05-29;29 mei t/m  4 jun '23;25-39;874;8,35
2023-05-29;29 mei t/m  4 jun '23;40-49;1480;7,77
2023-05-29;29 mei t/m  4 jun '23;50-59;2852;4,87
2023-05-29;29 mei t/m  4 jun '23;60-69;3884;3,76
2023-05-29;29 mei t/m  4 jun '23;70+;2403;2,21
2023-05-29;29 mei t/m  4 jun '23;Totaal;11658;4,67
2023-06-05; 5 jun t/m 11 jun '23;<=24;156;10,90
2023-06-05; 5 jun t/m 11 jun '23;25-39;854;9,48
2023-06-05; 5 jun t/m 11 jun '23;40-49;1407;6,11
2023-06-05; 5 jun t/m 11 jun '23;50-59;2782;4,78
2023-06-05; 5 jun t/m 11 jun '23;60-69;3843;3,33
2023-06-05; 5 jun t/m 11 jun '23;70+;2364;1,73
2023-06-05; 5 jun t/m 11 jun '23;Totaal;11406;4,26
2023-06-12;12 jun t/m 18 jun '23;<=24;138;14,49
2023-06-12;12 jun t/m 18 jun '23;25-39;844;7,94
2023-06-12;12 jun t/m 18 jun '23;40-49;1385;5,49
2023-06-12;12 jun t/m 18 jun '23;50-59;2744;4,12
2023-06-12;12 jun t/m 18 jun '23;60-69;3819;2,64
2023-06-12;12 jun t/m 18 jun '23;70+;2376;2,02
2023-06-12;12 jun t/m 18 jun '23;Totaal;11306;3,76
2023-06-19;19 jun t/m 25 jun '23;<=24;147;6,12
2023-06-19;19 jun t/m 25 jun '23;25-39;803;6,72
2023-06-19;19 jun t/m 25 jun '23;40-49;1384;5,78
2023-06-19;19 jun t/m 25 jun '23;50-59;2750;3,27
2023-06-19;19 jun t/m 25 jun '23;60-69;3759;2,31
2023-06-19;19 jun t/m 25 jun '23;70+;2356;1,15
2023-06-19;19 jun t/m 25 jun '23;Totaal;11199;3,10
2023-06-26;26 jun t/m  2 jul '23;<=24;147;4,76
2023-06-26;26 jun t/m  2 jul '23;25-39;813;5,29
2023-06-26;26 jun t/m  2 jul '23;40-49;1355;4,13
2023-06-26;26 jun t/m  2 jul '23;50-59;2700;2,70
2023-06-26;26 jun t/m  2 jul '23;60-69;3751;2,05
2023-06-26;26 jun t/m  2 jul '23;70+;2357;1,10
2023-06-26;26 jun t/m  2 jul '23;Totaal;11123;2,54
2023-07-03; 3 jul t/m  9 jul '23;<=24;142;5,63
2023-07-03; 3 jul t/m  9 jul '23;25-39;779;4,49
2023-07-03; 3 jul t/m  9 jul '23;40-49;1374;3,64
2023-07-03; 3 jul t/m  9 jul '23;50-59;2716;2,76
2023-07-03; 3 jul t/m  9 jul '23;60-69;3823;2,46
2023-07-03; 3 jul t/m  9 jul '23;70+;2392;1,09
2023-07-03; 3 jul t/m  9 jul '23;Totaal;11226;2,57
2023-07-10;10 jul t/m 16 jul '23;<=24;128;6,25
2023-07-10;10 jul t/m 16 jul '23;25-39;756;4,37
2023-07-10;10 jul t/m 16 jul '23;40-49;1313;2,82
2023-07-10;10 jul t/m 16 jul '23;50-59;2681;2,35
2023-07-10;10 jul t/m 16 jul '23;60-69;3793;2,24
2023-07-10;10 jul t/m 16 jul '23;70+;2424;2,10
2023-07-10;10 jul t/m 16 jul '23;Totaal;11095;2,50
2023-07-17;17 jul t/m 23 jul '23;<=24;132;7,58
2023-07-17;17 jul t/m 23 jul '23;25-39;744;7,53
2023-07-17;17 jul t/m 23 jul '23;40-49;1265;4,35
2023-07-17;17 jul t/m 23 jul '23;50-59;2640;3,18
2023-07-17;17 jul t/m 23 jul '23;60-69;3762;2,31
2023-07-17;17 jul t/m 23 jul '23;70+;2421;1,78
2023-07-17;17 jul t/m 23 jul '23;Totaal;10964;3,06
2023-07-24;24 jul t/m 30 jul '23;<=24;128;3,91
2023-07-24;24 jul t/m 30 jul '23;25-39;762;5,25
2023-07-24;24 jul t/m 30 jul '23;40-49;1242;5,07
2023-07-24;24 jul t/m 30 jul '23;50-59;2574;4,08
2023-07-24;24 jul t/m 30 jul '23;60-69;3721;2,34
2023-07-24;24 jul t/m 30 jul '23;70+;2438;1,80
2023-07-24;24 jul t/m 30 jul '23;Totaal;10865;3,17
2023-07-31;31 jul t/m  6 aug '23;<=24;120;9,17
2023-07-31;31 jul t/m  6 aug '23;25-39;742;7,41
2023-07-31;31 jul t/m  6 aug '23;40-49;1217;5,09
2023-07-31;31 jul t/m  6 aug '23;50-59;2565;3,70
2023-07-31;31 jul t/m  6 aug '23;60-69;3759;2,82
2023-07-31;31 jul t/m  6 aug '23;70+;2418;2,11
2023-07-31;31 jul t/m  6 aug '23;Totaal;10821;3,51
2023-08-07; 7 aug t/m 13 aug '23;<=24;120;10,00
2023-08-07; 7 aug t/m 13 aug '23;25-39;697;8,46
2023-08-07; 7 aug t/m 13 aug '23;40-49;1219;3,94
2023-08-07; 7 aug t/m 13 aug '23;50-59;2561;3,79
2023-08-07; 7 aug t/m 13 aug '23;60-69;3687;2,58
2023-08-07; 7 aug t/m 13 aug '23;70+;2432;2,47
2023-08-07; 7 aug t/m 13 aug '23;Totaal;10716;3,46
2023-08-14;14 aug t/m 20 aug '23;<=24;116;6,03
2023-08-14;14 aug t/m 20 aug '23;25-39;716;6,70
2023-08-14;14 aug t/m 20 aug '23;40-49;1240;5,24
2023-08-14;14 aug t/m 20 aug '23;50-59;2552;4,15
2023-08-14;14 aug t/m 20 aug '23;60-69;3746;2,96
2023-08-14;14 aug t/m 20 aug '23;70+;2385;1,55
2023-08-14;14 aug t/m 20 aug '23;Totaal;10755;3,48
2023-08-21;21 aug t/m 27 aug '23;<=24;134;8,96
2023-08-21;21 aug t/m 27 aug '23;25-39;739;7,17
2023-08-21;21 aug t/m 27 aug '23;40-49;1253;5,59
2023-08-21;21 aug t/m 27 aug '23;50-59;2601;3,84
2023-08-21;21 aug t/m 27 aug '23;60-69;3746;3,07
2023-08-21;21 aug t/m 27 aug '23;70+;2443;1,76
2023-08-21;21 aug t/m 27 aug '23;Totaal;10916;3,60
2023-08-28;28 aug t/m  3 sep '23;<=24;144;11,81
2023-08-28;28 aug t/m  3 sep '23;25-39;749;9,48
2023-08-28;28 aug t/m  3 sep '23;40-49;1320;8,03
2023-08-28;28 aug t/m  3 sep '23;50-59;2618;5,77
2023-08-28;28 aug t/m  3 sep '23;60-69;3748;3,60
2023-08-28;28 aug t/m  3 sep '23;70+;2429;2,35
2023-08-28;28 aug t/m  3 sep '23;Totaal;11008;4,88
2023-09-04; 4 sep t/m 10 sep '23;<=24;137;12,41
2023-09-04; 4 sep t/m 10 sep '23;25-39;719;9,60
2023-09-04; 4 sep t/m 10 sep '23;40-49;1273;8,96
2023-09-04; 4 sep t/m 10 sep '23;50-59;2596;6,01
2023-09-04; 4 sep t/m 10 sep '23;60-69;3724;4,03
2023-09-04; 4 sep t/m 10 sep '23;70+;2431;3,46
2023-09-04; 4 sep t/m 10 sep '23;Totaal;10880;5,42
2023-09-11;11 sep t/m 17 sep '23;<=24;124;11,29
2023-09-11;11 sep t/m 17 sep '23;25-39;718;10,58
2023-09-11;11 sep t/m 17 sep '23;40-49;1260;7,86
2023-09-11;11 sep t/m 17 sep '23;50-59;2588;6,34
2023-09-11;11 sep t/m 17 sep '23;60-69;3704;4,32
2023-09-11;11 sep t/m 17 sep '23;70+;2408;2,24
2023-09-11;11 sep t/m 17 sep '23;Totaal;10802;5,25
2023-09-18;18 sep t/m 24 sep '23;<=24;116;13,79
2023-09-18;18 sep t/m 24 sep '23;25-39;721;11,51
2023-09-18;18 sep t/m 24 sep '23;40-49;1229;9,19
2023-09-18;18 sep t/m 24 sep '23;50-59;2550;6,67
2023-09-18;18 sep t/m 24 sep '23;60-69;3676;4,16
2023-09-18;18 sep t/m 24 sep '23;70+;2403;3,20
2023-09-18;18 sep t/m 24 sep '23;Totaal;10695;5,72
2023-09-25;25 sep t/m  1 okt '23;<=24;137;15,33
2023-09-25;25 sep t/m  1 okt '23;25-39;792;12,12
2023-09-25;25 sep t/m  1 okt '23;40-49;1344;10,49
2023-09-25;25 sep t/m  1 okt '23;50-59;2716;8,58
2023-09-25;25 sep t/m  1 okt '23;60-69;3805;6,07
2023-09-25;25 sep t/m  1 okt '23;70+;2457;4,15
2023-09-25;25 sep t/m  1 okt '23;Totaal;11251;7,32
2023-10-02; 2 okt t/m  8 okt '23;<=24;136;13,24
2023-10-02; 2 okt t/m  8 okt '23;25-39;775;13,03
2023-10-02; 2 okt t/m  8 okt '23;40-49;1331;11,95
2023-10-02; 2 okt t/m  8 okt '23;50-59;2720;7,98
2023-10-02; 2 okt t/m  8 okt '23;60-69;3916;6,23
2023-10-02; 2 okt t/m  8 okt '23;70+;2531;5,02
2023-10-02; 2 okt t/m  8 okt '23;Totaal;11409;7,59
2023-10-09; 9 okt t/m 15 okt '23;<=24;132;15,91
2023-10-09; 9 okt t/m 15 okt '23;25-39;807;13,75
2023-10-09; 9 okt t/m 15 okt '23;40-49;1402;10,91
2023-10-09; 9 okt t/m 15 okt '23;50-59;2792;8,42
2023-10-09; 9 okt t/m 15 okt '23;60-69;3932;6,15
2023-10-09; 9 okt t/m 15 okt '23;70+;2530;5,02
2023-10-09; 9 okt t/m 15 okt '23;Totaal;11595;7,67
2023-10-16;16 okt t/m 22 okt '23;<=24;150;20,67
2023-10-16;16 okt t/m 22 okt '23;25-39;849;16,25
2023-10-16;16 okt t/m 22 okt '23;40-49;1425;12,07
2023-10-16;16 okt t/m 22 okt '23;50-59;2835;9,66
2023-10-16;16 okt t/m 22 okt '23;60-69;3978;8,07
2023-10-16;16 okt t/m 22 okt '23;70+;2520;6,39
2023-10-16;16 okt t/m 22 okt '23;Totaal;11757;9,33
2023-10-23;23 okt t/m 29 okt '23;<=24;152;13,16
2023-10-23;23 okt t/m 29 okt '23;25-39;844;15,28
2023-10-23;23 okt t/m 29 okt '23;40-49;1423;11,81
2023-10-23;23 okt t/m 29 okt '23;50-59;2868;8,61
2023-10-23;23 okt t/m 29 okt '23;60-69;4079;7,72
2023-10-23;23 okt t/m 29 okt '23;70+;2603;5,11
2023-10-23;23 okt t/m 29 okt '23;Totaal;11969;8,46
2023-10-30;30 okt t/m  5 nov '23;<=24;141;12,77
2023-10-30;30 okt t/m  5 nov '23;25-39;821;14,37
2023-10-30;30 okt t/m  5 nov '23;40-49;1412;12,18
2023-10-30;30 okt t/m  5 nov '23;50-59;2837;9,48
2023-10-30;30 okt t/m  5 nov '23;60-69;4077;8,09
2023-10-30;30 okt t/m  5 nov '23;70+;2565;6,12
2023-10-30;30 okt t/m  5 nov '23;Totaal;11853;8,98
